id;document_title;document_subject;brief_description;document_date;document_type;document_standard_number;document_attachment;document_attachment_content_type
1;1080p;schemas application;parse communities parse;2020-03-04;MEMO;Malta grow Palau;../fake-data/blob/hipster.png;image/png
2;action-items systems;SSL Auto Loan Account connect;Peso Uruguayo Uruguay Peso en Unidades Indexadas scalable;2020-03-04;NOTE;Soft protocol;../fake-data/blob/hipster.png;image/png
3;panel Books Beauty;Credit Card Account initiatives Usability;Colorado 1080p help-desk;2020-03-04;RECEIPT;Awesome matrix panel;../fake-data/blob/hipster.png;image/png
4;demand-driven open architecture Optional;Mews Washington Personal Loan Account;ivory Pula Beauty;2020-03-04;MEMO;deposit;../fake-data/blob/hipster.png;image/png
5;Visionary input;Checking Account Cotton Consultant;mesh;2020-03-04;NOTE;Applications;../fake-data/blob/hipster.png;image/png
6;Ergonomic Soft Gloves silver Ford;Bacon;Direct;2020-03-04;IDENTITY;knowledge user;../fake-data/blob/hipster.png;image/png
7;Concrete AI;Hawaii;Usability Suriname;2020-03-04;CONTRACT;integrate;../fake-data/blob/hipster.png;image/png
8;Customer Concrete connecting;benchmark Customer tangible;JBOD deposit Personal Loan Account;2020-03-03;LICENSE;cross-platform Refined;../fake-data/blob/hipster.png;image/png
9;Principal;wireless Kids Tennessee;Web Cayman Islands bypassing;2020-03-04;INSTRUCTION;eyeballs;../fake-data/blob/hipster.png;image/png
10;South Carolina;cross-media;alarm bricks-and-clicks;2020-03-04;LICENSE;Savings Account value-added;../fake-data/blob/hipster.png;image/png
